0	Current dot display. Compare the glow of the dots alone.
1	Compare beat positions moving from left to right.
2	Circular beat visualization selected as a candidate for FRETIVA LAB.
3	Compare the feel of strumming with a swinging guitar pick.
4	An evolution of Logo 09 that brings the six strings into focus.
5	A refined bowl and leg make the R silhouette clearer from a distance.
6	A minimal design with a restrained sound wave, leaving the R and guitar strings.
7	Aligned upper strings and tuning pegs suit a headstock engraving.
8	Subtle fretboard proportions echo the instrument's construction.
9	Compact strokes and spacing remain legible as a small app icon.
10	A firm lower edge and silhouette designed for printing on picks.
11	A lightweight symbol using minimal lines for the R, six strings, and rhythm.
12	A premium balance of dark studio lighting and metallic texture.
13	A precise design with tightly aligned lower endpoints and baselines.
14	Elongated proportions emphasize the strings transforming into an R.
15	A narrower design suited to stickers and badges.
16	A leading candidate balancing the R with sound waves on either side.
17	Refined line endings and joints inspired by fine guitar inlays.
18	A clear diagonal leg makes the R immediately recognizable.
19	A softened R curve emphasizes the natural bend of the strings.
20	A horizontal baseline suited to amplifier badges and equipment plates.
21	Contrast and structure preserve the R silhouette in monochrome.
22	A balanced combination of strings, R, and waves for the official FRETIVA LAB symbol.
23	A final candidate adaptable to headers, picks, and T-shirts.
24	RI combined into a compact brand symbol
25	RIFF highlighted as the core practice concept
26	A signature FF inspired by string connections
27	A premium nameplate with a sharply finished R leg
28	A mastery concept with the final B as a seal
29	The full name paired with an [R] symbol on the left
30	A separate slogan rail emphasizes the brand philosophy
31	A double frame evokes an equipment nameplate
32	A fine, precise wordmark inspired by laser engraving
33	A gold logo on a black metal plate
34	Inspired by recording console labels and measurement equipment
35	A vintage guitar amplifier nameplate
36	A brand plate for stage equipment
37	The feel of a premium instrument brand
38	A frame inspired by headstock proportions
39	A pick silhouette anchors the nameplate
40	Repeating riff patterns expressed through lines
41	Repeated practice visualized as instrument markings
42	A polished structure resembling a mastery certification
43	A high-end audio front panel concept
44	Inspired by analog meters and precision instruments
45	An information layout resembling an instrument serial plate
46	A design with distinctive Art Deco corners
47	The feel of embossed gold foil on fine print
48	Outlined lettering and an engraved frame
49	A riff line passing through the wordmark
50	Practice checkpoints integrated into a nameplate
51	An aperture frame draws focus to the center
52	The heritage feel of a lasting instrument brand
53	Laboratory labels meet music equipment
54	Guitar string dividers organize the letter spacing
55	A stamp-style logo inspired by precision instruments
56	A hardware nameplate with pronounced rivets
57	A restrained premium nameplate with generous space
58	A nameplate fit for center stage
59	An amplifier control panel label concept
60	A wordmark inspired by boutique guitar shop signs
61	Mastery expressed in a single gold line
62	A candidate for the final brand seal
63	Full FRETIVA LAB wordmark
64	RIFF repetition accent
65	Clang A
66	Clang and Clap
67	Bright metallic sound with a short clap
68	Clang B
69	Shimmer
70	A brighter mix of hi-hat and sparkle
71	Clang C
72	Metallic Clap
73	A clap accented with metallic tones
74	Clang D
75	Combo Shimmer
76	A wider, brighter sound for combos
77	The headstock points upward and occupies about 16–20% of the total length. Align all six tuning posts around its centerline.
78	Place tuning buttons on both sides of the headstock, connected to the posts with short arms so they do not look like string anchors.
79	Route each string from tuning post to nut, fretboard, saddle, and bridge pin.
80	The nut marks the headstock–fretboard boundary. All strings pass over it before crossing the fretboard.
81	Keep the fretboard edges parallel from headstock to body, with horizontal frets confined to the fretboard.
82	Place the sound hole at the upper center of the body, the bridge below it, the saddle near the top of the bridge, and six bridge pins below the saddle.
83	Place the pickguard to the right of the sound hole, with its pointed end following the sound hole's edge.
84	Use a continuous curve from shoulders through waist to lower bout, with a gentle cutaway only on the right shoulder.
85	Use a broad Martin/Gibson-style lower bout without overinflating it. Close the bottom with a continuous curve, with no flat edges or corners.
86	A standard acoustic player with a large body and strong presence
87	An acoustic with a balanced waist and an agile feel
88	A compact vintage acoustic with a clear silhouette
89	A broad jumbo body with a powerful firing feel
90	A mini guitar that reads clearly on small mobile screens
91	A natural classical guitar with a soft nylon-string feel
92	A warm cedar top with a dark central sound hole
93	A deep brown classical guitar in rosewood tones
94	A premium classical guitar with a black body and gold accents
95	A vintage classical guitar with an old music shop feel
96	A Strat-style guitar with a visible pickguard and three pickups
97	A Tele-style guitar with an angular single-cut body and prominent bridge plate
98	An LP-style guitar with a thick single-cut body and humbuckers
99	A sharp cutaway and a fast shooter silhouette
100	An aggressive headstock and sharp body for metal riffs
101	A scout guitar player with a rounded headstock and a small, playful body
102	A main player candidate with a gold top and a clear centerline
103	A companion design with soft shoulders and subtle stage lighting
104	A player candidate whose pickguard suggests a character's expression
105	A fast, compact player with clearly defined headstock and strings
106	A balanced auditorium candidate with a refined waist
107	A grand auditorium with a broad lower bout and narrow waist
108	A modern acoustic with a gentle upper cutaway
109	A sleek single cutaway with a stage-ready silhouette
110	A rounded vintage slope-shoulder design
111	A small parlor guitar with a distinct silhouette
112	A premium traditional dreadnought with gold edging
113	A vintage candidate with aged amber tones and a classic pickguard
114	A premium black top with a refined cutaway
115	A broad jumbo body in bright maple tones
116	A black nylon-string body with a refined classical headstock
117	A flamenco-style candidate with a slim, bright body
118	A clean design emphasizing concert classical proportions
119	A premium classical candidate in dark rosewood tones
120	A simplified LP-style gold single-cut guitar
121	An offset electric candidate in stage blue
122	A bold red body that stands out in the shooter
123	A gold electric candidate with a subtle semi-hollow character
124	An aggressive black body with a sleek metal headstock
125	An angular Tele-style body with a wider pickguard
126	Traditional dreadnought proportions with a precisely aligned headstock
127	An improved OM design with a narrow waist and balanced fretboard
128	A small, balanced grand concert body
129	A jumbo with a broad, symmetrical lower bout
130	A gentle Venetian cutaway on the right shoulder
131	A stage-ready design with a restrained modern cutaway
132	A defined waist with overall symmetry
133	A travel guitar with a small body and clear headstock details
134	A short-neck design with a vintage 12-fret feel
135	An archtop silhouette reinterpreted as an acoustic player
136	Fine wood texture with a refined bridge
137	A concert body with a small cutaway
138	A modern interpretation of slope shoulders
139	A slim body designed to read clearly on mobile
140	A baritone-inspired design with a long neck and balanced lower bout
141	A premium large body in deep rosewood tones
142	A bright maple top with a stage-ready pickguard
143	A cedar-tone OM body with soft curves
144	A premium black top with distinctive bird inlays
145	Sunburst tones paired with a right-side cutaway
146	A new orchestra design with a narrow waist and balanced proportions
147	A new traditional dreadnought with a more angular headstock and balanced body
148	A new studio-inspired design with a slim, gentle right-side cutaway
149	A new boutique-inspired cedar design with a deep waist
150	A new stage player with a broad lower bout and clear centerline
151	A new traditional dreadnought with broad shoulders and a gently curved waist
152	A new OM design with a narrow waist and natural upper-bout proportions
153	An auditorium design with continuous curves and fine gold edging
154	A new gentle right-side cutaway opening toward the sound hole
155	A new stage design with rose-brown tones and realistic pickguard placement
156	A simplified, structurally grounded design based on Martin D-28 dreadnought proportions
157	A candidate reflecting D-18-style shoulders and clearly defined bridge pins
158	A candidate with an HD-28-style broad lower bout and premium edging
159	A candidate inspired by Gibson J-45 slope shoulders and a balanced waist
160	A Hummingbird-inspired design simplifying square shoulders and a large pickguard
161	A candidate reflecting Taylor 814ce grand auditorium cutaway proportions
162	A candidate inspired by the 314ce's bright top and gentle Venetian cutaway
163	A slim, legible cutaway silhouette inspired by the 214ce
164	A candidate with a Yamaha FG5-style dreadnought body and bridge
165	A simplified Yamaha LL16-inspired broad lower bout and elongated lines
166	A vintage dreadnought emphasizing rounded shoulders and a realistic pin bridge
167	A modern dreadnought with balanced proportions and a straight fretboard
168	A realistically proportioned OM design with a narrow waist and rosewood tones
169	A balanced candidate inspired by an auditorium body and cedar top
170	A candidate reflecting grand auditorium lower-bout volume and sound-hole placement
171	A restrained right-shoulder cutaway with realistic guitar proportions
172	A gentle cutaway that preserves acoustic body balance
173	A stage acoustic with an understated modern cutaway
174	A broad jumbo lower bout with a bright maple-style top
175	A simplified Gibson Hummingbird-inspired square-shoulder design
176	A new dreadnought line with a continuous flow from shoulders through waist to lower bout
177	A traditional acoustic with a honey-colored top and restrained lower curve
178	A reinterpretation of Yamaha FG5-style shoulders and rounded lower bout
179	A vintage design with slope shoulders and a natural waist
180	A square-shoulder design with a softly curved lower bout
181	An OM candidate with a narrow waist and distinct sound-hole proportions
182	A compact 000 body with a continuous lower curve
183	An auditorium candidate with balanced proportions and an organic lower curve
184	A stage-ready grand auditorium design with a gold rosette
185	A gentle, realistic right-shoulder cutaway
186	A Venetian cutaway with carefully aligned sound hole and pickguard
187	A practice-room design with cedar tones and a restrained lower bout
188	A premium candidate with deep rosewood tones and a mother-of-pearl rosette
189	A candidate with bright maple tones and a balanced lower bout
190	A premium black body contrasting with a mother-of-pearl rosette
191	Sunburst tones combined with a realistic dreadnought silhouette
192	A small, refined OM design with a boutique guitar shop feel
193	A studio-inspired body with thin gold edging
194	A restrained jumbo design with no exaggerated lower-bout bulge
195	A heritage design with refined bird inlays and a mother-of-pearl rosette
196	An all-mahogany dreadnought based on Martin D-15M proportions
197	Satin mahogany texture with a clean square-shoulder silhouette
198	A studio candidate with D-body shoulders and lower curves
199	A dark mahogany D-body candidate with restrained gold edging
200	A defined D-15M silhouette designed to read as a stage player
201	A candidate inspired by the Taylor 814ce's right-shoulder cutaway
202	A simpler grand auditorium cutaway
203	A gentle treble-side cutaway with a shallow lower curve
204	A broad lower bout paired with a flowing Venetian cutaway
205	Auditorium proportions with a natural right-shoulder cutaway
206	A restrained cutaway that preserves the dreadnought body
207	Mahogany tones paired with a D-body cutaway
208	A cutaway with dark rosewood tones and a mother-of-pearl rosette
209	Bright maple tones with a clearly defined treble-side cutaway
210	A black body with a distinctive cutaway silhouette
211	A sunburst body with a gentle right shoulder
212	A restrained cutaway with a cedar-top feel
213	A clear cutaway silhouette designed for the shooter player
214	A rounded Venetian cutaway with no sharp angles
215	A soft cutaway flowing continuously from upper bout to waist
216	An organic modern cutaway with no straight edges
217	A boutique-inspired narrow waist and cutaway
218	A mother-of-pearl rosette and premium cutaway silhouette
219	A cutaway with a honey-colored top and a continuous lower curve
220	A candidate based on the side profile and lower curve of the supplied reference
221	A standard player guitar using the supplied Just Play / JP dreadnought image unchanged
222	A player guitar using the supplied Just Play / JP black cutaway acoustic image unchanged
223	A player guitar using the supplied Just Play / JP mahogany cutaway acoustic image unchanged
224	A player guitar using the supplied Just Play / JP emerald-green cutaway acoustic image unchanged
225	A player guitar using the supplied Just Play / JP floral hummingbird dreadnought image unchanged
226	A player guitar using the supplied Just Play / JP phoenix-art dreadnought image unchanged
227	A player guitar using the supplied white-pearl dreadnought with gold and mother-of-pearl phoenix details unchanged
228	A player guitar using the supplied Just Play / JP sunburst classic electric image unchanged
229	A player guitar using the supplied black wood-grain single-cut electric with gold hardware unchanged
230	A player guitar using the supplied figured-wood double-cut electric with bird inlays unchanged
231	A player guitar using the supplied Just Play / JP archtop jazz guitar image unchanged
232	A player guitar using the supplied Just Play / JP sunburst resonator image unchanged
233	A player guitar using the supplied Just Play / JP archtop with phoenix and mother-of-pearl details unchanged
234	A player bass using the supplied Just Play / JP sunburst gold bass image unchanged
235	A player bass using the supplied aqua-blue four-string bass with a pearl pickguard unchanged
236	A player bass using the supplied deep-red figured-wood four-string bass with a black carbon pickguard and gold hardware unchanged
237	A standard cutaway shooter guitar with JUST PLAY logos on the headstock and sound-hole label
238	A standard PNG candidate with a red sunburst finish on the same acoustic body
239	A standard PNG candidate in the existing white-gold pearl finish
240	A cutaway shooter guitar PNG with gold phoenix artwork
241	A cutaway shooter guitar PNG with natural wood and blue-gold details
242	An epic shooter guitar PNG with a black dreadnought body and mother-of-pearl binding
243	An ancient-relic cutaway shooter guitar PNG with a black body and gold stars
244	A sanctuary-inspired cutaway shooter guitar PNG with an ivory-white body and gold artwork
245	An ice-spirit cutaway shooter guitar PNG with winter-night and moonlit frost patterns
246	A standard dreadnought with a dark mother-of-pearl rosette and a raised bridge
247	A mahogany candidate with reduced spacing between sound hole and bridge
248	A stage candidate with deep sunburst tones and a dark mother-of-pearl rosette
249	Acoustic
250	Electric
251	Effects
252	Pets
253	Maps
254	Picks
255	Black leather pick
256	Tortoiseshell pick
257	Wood-grain pick
258	Pearl ivory pick
259	Brushed gold pick
260	Brushed silver pick
261	Blue sapphire pick
262	Purple amethyst pick
263	Carbon-fiber pick
264	Neon pink pick
265	Neon cyan pick
266	Cracked lava pick
267	Frosted ice-crystal pick
268	Green leaf-vein pick
269	Purple galaxy pick
270	Antique bronze pick
271	Rose gold pick
272	Black obsidian pick
273	Iridescent prism opal pick
274	Turquoise wave pick
275	Choose a random map each time you enter the shooter
276	AURA · Around the guitar
277	Independent effects placed around the guitar
278	FLOOR · Ground
279	Effects for the ground beneath the guitar
280	No additional guitar effects
281	Legendary Violet Set
282	Rune circle, rising aura, and starlight particles
283	Soft Blue Aura
284	A blue aura around the guitar
285	Nature Aura
286	A green leaf aura
287	Mystic Aura
288	A purple magical aura
289	Legendary Aura
290	A red legendary guitar aura
291	Blue Light
292	A blue magic circle beneath the guitar
293	Nature Circle
294	A green nature magic circle
295	Mystic Circle
296	A purple mystic magic circle
297	Legendary Circle
298	A red legendary magic circle
299	Floating Leaves
300	Leaves orbiting the guitar
301	Mystic Shards
302	Purple decorative shards
303	Legendary Shards
304	Red shards with enhanced hit fragments
305	Breathing Aura
306	A softly spreading lower aura
307	Flame Aura
308	Flames rising beneath the guitar
309	Eclipse Aura
310	An intense red eclipse aura
311	{value1} 8-frame aura
312	{value1} static floor
313	{value1} static guitar stand
314	No aura around the guitar
315	Lava Flame Aura
316	Soft lava flames curl around both sides of the guitar
317	Moonlight Aura
318	A blue moonlight aura with crescent moons and stars around the guitar
319	Galaxy Orbital Aura
320	A purple cosmic aura with planets and galaxy orbits around the guitar
321	Forest Vine Aura
322	A forest aura with blue spirit lights and green vines growing beside the guitar
323	Frost Snowflake Aura
324	A blue ice aura with frost vines and snowflakes illuminating both sides of the guitar
325	No floor effect beneath the guitar
326	Burning Portal
327	A burning portal directly beneath the guitar
328	Moonlight Floor
329	A blue moonlight magic circle engraved with constellations
330	Galaxy Orbital Floor
331	A cosmic base with a rotating galaxy and planetary orbits
332	Forest Vine Floor
333	A magical base of mossy rocks and blue forest patterns
334	Frost Snowflake Floor
335	A frost magic circle with blue ice crystals and snowflake patterns
336	Tropical Guitar Stand
337	A dedicated circular wooden deck for the guitar
338	Live Concert Stage
339	A circular wooden stage surrounded by amplifiers and lighting towers
340	Flame
341	Moonlight
342	Galaxy
343	Vine
344	Frost
345	Standard six-string 13 voicing · omit the 11th · retain 1·3·5·7·9·13
346	Standard 13 voicing · omit the 5th and 11th · retain 1·3·7·9·13
347	Standard m13 voicing · omit the 5th and 11th · retain 1·♭3·♭7·9·13
348	C position of the verified movable fourth-string-root shape
349	Db position of the verified movable fourth-string-root shape
350	D position of the verified movable fourth-string-root shape
351	Eb position of the verified movable fourth-string-root shape
352	E position of the verified movable fourth-string-root shape
353	Standard F shape shared by both chord references
354	F#/Gb entry in both references
355	G position of the verified movable fourth-string-root shape
356	Cross-checked against the Ab entry and movable fourth-string-root shape; XX7657 in the add9 text is an A shape and is not used
357	A position of the verified movable fourth-string-root shape
358	Standard closed shape from the Bbadd9 entry
359	B position of the verified movable fourth-string-root shape
360	User-defined Cadd9 reference and open-chord teaching material
361	Main Cadd2 reference diagram; retains the 3rd and doubles the 5th
362	Open Cadd2 from teaching material; a secondary option with a low 2nd
363	Dadd2 teaching shape, also used under the add9 naming convention
364	Main Dadd2 diagram; mute string 3
365	Eadd9 teaching shape: F# on string 1
366	Eadd2 teaching shape: F# on string 4
367	Main Gadd9 diagram: 320203
368	Alternative open G from the reference. Used only for G; not transposed
369	Open teaching shape shared by Aadd2/add9; no arbitrary alternative fingering generated
370	Explicit shape from the Dbadd9 reference
371	Explicit shape from the Dbadd2 entry
372	Explicit shape from the Ebadd9 entry
373	Explicit shape from the Ebadd2 entry
374	Original Bbadd2 shape including open D; not moved to other roots
375	Explicit alternative from the Badd2 reference. Its wide stretch is not labeled easy
376	Repeat one track
377	Turn repeat off
378	Repeat all tracks
379	Move backing loop (drag or use arrow keys)
380	Popular or recommended feature
381	New feature
382	Feature in beta
383	Members-only feature
384	Feature in development
385	Recommended for beginners
386	Beginner
387	Solo practice feature
388	Check the beam settings.
389	Select consecutive eighth or sixteenth notes in one bar. Rests, gaps, and separate triplet groups cannot be joined.
390	Beams can be broken at eighth or sixteenth notes.
391	Select at least two consecutive notes in the same bar.
392	A selection containing rests, gaps, or quarter notes or longer cannot be beamed together.
393	Select notes with no gaps between them.
394	Triplet beams can only be edited within their existing three-note group. They cannot be joined to regular notes.
395	Basics
396	Scale Across Two Strings
397	Move back and forth between two strings, carrying the same pattern onto the next string.
398	Licks
399	Ascending and Descending Lick
400	Play a short rising phrase and a falling response in steady eighth notes.
401	Ballad
402	Quarter- and Eighth-Note Lick
403	Distinguish quarter notes from eighth notes and hold the final note of each phrase for its full length.
404	Rock
405	Pentatonic Position Round Trip
406	Retrace three-note minor pentatonic groups across two octaves.
407	Blue-Note Staircase
408	Move only between adjacent strings, passing through the blue note (♭5) one note at a time. Avoid same-fret vertical moves and string skipping.
409	Late beginner · Learn the blue note in continuous eighth notes, using adjacent strings and avoiding same-fret vertical moves.
410	Chord-Tone Runs
411	Jazz Major-Seventh Arpeggio
412	Connect the 1st, 3rd, 5th, and 7th with string skips and position shifts.
413	Sixteenth-Note Position Shifts
414	Ascend and descend in four-note sequences across several positions. Play four notes per beat.
415	First Steps in Finger Spacing
416	Stay on one string for each bar and explore the distance from your index finger to each other finger. Descend slowly in the final two bars.
417	Early beginner · Repeat just two notes on one string in quarter notes. Change strings at the next bar and descend one note at a time only at the end.
418	Two-Note Hammer-on
419	Sound the second note marked H by hammering down with your finger, without picking again.
420	Descending Pull-off Lick
421	Fret the destination note marked P in advance, then connect the higher note to the lower one.
422	Connect Positions with Slides
423	Connect the two notes marked SL with the same finger, arriving on the indicated beat.
424	Two-Octave Triads
425	Connect the 1st, 3rd, and 5th across two octaves while practicing string-skipping picking.
426	Legato
427	Mixed Hammer-on, Pull-off, and Slide Lick
428	Combine H, P, and SL while picking unmarked notes to keep the phrase flowing.
429	Hammer-on (H): Pick the first note, then press a higher fret on the same string to sound the second. Keep both notes at a similar volume.
430	Pull-off (P): Fret the lower note in advance. Gently pull the higher finger off the string to sound it; do not pick the destination note again.
431	Slide (SL): Pick the first note, then keep the same finger on the string as you move to the destination fret. Arrive on the indicated beat.
432	Beginner · Focus on quarter- and eighth-note lengths and connecting short patterns.
433	Beginner · Develop steady eighth notes and movement between adjacent strings.
434	Beginner · Connect short ascending and descending patterns in one position.
435	Beginner · Focus on one technique: slow two-note hammer-ons.
436	Beginner · Focus on slow two-note pull-offs. Fret the lower note in advance.
437	Beginner · Steady eighth notes and chromatic movement within a small position. The blues label does not imply a higher difficulty.
438	Intermediate · Control position shifts across strings and the timing of slide arrivals.
439	Intermediate · Change the direction of three-note groups while connecting several positions.
440	Intermediate · Move across two octaves in eighth notes while controlling string skips and muting.
441	Intermediate · Focus on leaps between 1·3·5·7 and position shifts. This single major-seventh pattern is not an advanced jazz improvisation exercise.
442	Intermediate · Switch between hammer-ons, pull-offs, and slides in eighth notes. Techniques are combined, but speed and rhythm demands remain moderate.
443	Advanced · The upper level of this curriculum. Sustain continuous sixteenth notes at 80 BPM (about 5.3 notes per second) for eight bars while changing position and direction.
444	Learn two bars at a time, then connect four and eight bars. Listen for where a pattern repeats and where it changes.
445	Bars 1–3 introduce the pattern, bars 4–7 vary its range and shape, and bar 8 resolves to the tonic. Learn each section, then connect all eight bars.
446	Play vertically stacked TAB numbers together. Use your thumb (p) for bass and index (i), middle (m), and ring (a) fingers for strings 3, 2, and 1. Hold each chord shape to let notes ring together; mute previous notes at rests or chord changes.
447	This is a lead-guitar chord-tone exercise. Play one note at a time and lightly mute strings after leaving them. For accompaniment that holds chord shapes while plucking bass and treble together, use the arpeggio course.
448	Pick unmarked notes. Repeat one bar at a time, then connect bars once the rhythm is steady.
449	Chord diagrams show strings 1–6 from top to bottom, with higher frets to the right. × means do not play; ○ means open string; a thick vertical line is a barre; fr below indicates the starting fret. Circled 1·2·3·4 mean index, middle, ring, and little finger. Hold the chord shape instead of moving a finger for every note on the same fret.
450	Suggested starting tempo: {value1} BPM. Start slowly and check that volume and timing remain even.
451	After three uninterrupted runs at the same tempo, try increasing by 4 BPM. Rest and reduce tension if your hand becomes uncomfortable.
452	{value1}, from string 1 at the top: {value2}
453	Muted
454	Chord diagram start and end
455	A 49-bar fingerstyle sketch about recognizing a companion through loneliness and moving forward. Copy a favorite passage and make it your own.
456	Use your thumb for bass, index for middle voices, and middle and ring fingers for strings 2 and 1. Let the long top notes in the chorus sing.
457	Change on beat 3 for Esus4→E7 in bar 4 and Gsus4→G in bars 28, 44, and 48. Listen for C→B on string 2 between bars 19 and 20.
458	B7 in bar 12 sidesteps to Fmaj7 instead of resolving to Em. Feel the semitone moves D#→E and F#→F.
459	E7→Cadd9 in bar 36 delays the expected Am. G#→G and the shared E leave both darkness and warmth.
460	The final-bar rest leaves space between new attacks. Notes marked let ring continue to the end.
461	Intermediate · Explore mixed rhythms, partial voicings, and voice leading.
462	Arpeggios
463	Slowly connect open chords with partial voicings at frets 5–9.
464	Listen to chord changes, the top voice, and the space in rests. Save passages you like.
465	Composition sketch · Explore performance and expression for yourself.
466	Some notes fall below the new instrument's range and cannot be transferred at the same pitch.
467	Some notes exceed the new instrument's supported range and cannot be transferred at the same pitch.
468	The new instrument's strings and fingerings cannot preserve the existing simultaneous notes or harmonics.
469	This instrument is not supported.
470	Independent rhythms for two hands cannot be converted automatically to a single voice on another instrument. Save the piano score and start a new score.
471	Pitched scores and drum rhythms cannot be converted automatically. Start a new score.
472	Open ties, slide-outs, bends, and parentheses are for string instruments only. Remove them before changing instruments.
473	Muted notes cannot be converted to pitches.
474	Bar {value1}, note {value2}
475	Bar {value1} chord diagram
476	Bar {value1}: Check the fingering needed to preserve existing connected techniques. The score has not changed.
477	Bar {value1}: The tied fingering cannot be preserved. The score has not changed.
478	Two-Note Call and Response
479	Hold a long note and let the next bar answer. Feel the direction of the two-bar phrase instead of adding more notes.
480	Sustained half notes and two-bar phrases. Learn one rhythm at a time.
481	Repeating Pentatonic Hook
482	Repeat the same rhythm to build a memorable hook. Mute during rests and wait for the next opening note.
483	A small pentatonic range with quarter rests. Keep the beat through the silence.
484	Pop Phrase Landing on the Third
485	Let the first phrase rest briefly on the third, then resolve the response to the tonic. Keep the long notes ringing.
486	A late-beginner exercise for players who know the basic scale and can sustain a long destination note.
487	Ballad Melody with Space
488	Rest on the final beat of each bar to leave space between phrases. Distinguish the short opening notes from the long notes that follow.
489	Practice muting on quarter rests alongside eighth-note phrasing.
490	Repeat-and-Vary Mini Solo
491	Repeat a slightly varied rhythmic question, then resolve to a low tonic in the final two bars. Use straight rhythm.
492	Beginner finale: Pass briefly through the blue note and connect eight bars, including the rests.
493	Alternating Thirds
494	Alternate thirds instead of moving stepwise. Hear each pair as a unit and keep the beat when direction changes.
495	Control third-interval leaps and string changes in continuous eighth notes.
496	Return to the Pivot Note
497	Keep the recurring pivot note steady while changing the pitches around it.
498	Control picking that returns to the same note as the intervals widen.
499	Offbeat Pentatonic Entry
500	Start on the offbeat after the opening eighth rest. Feel beat 1 in your body while your picking enters later.
501	Combine entry after an eighth rest with connected positions.
502	String Skipping in Fourths
503	Mute the skipped string on each fourth-interval leap. Wider intervals do not change the timing between notes.
504	Requires string skipping in fourths and muting unused strings.
505	Chord-Tone Position Lick
506	Start each bar on a chord tone, then connect sixteenth-note approach tones to eighth- and quarter-note leaps. Keep counting through long destination notes.
507	Combine chord-tone choices with diagonal position shifts, leaps, and transitions from sixteenth to eighth to quarter notes.
508	Short Run, Long Landing
509	Play four notes on the first beat, then reduce the density and land on a long note. The tempo stays the same after the sixteenths end.
510	Practice switching between one beat of sixteenths and eighth or quarter notes.
511	Call, Offbeat, and Response Solo
512	Even-numbered bars answer the odd-numbered bars on the offbeat. Shape patterns and accents so the recurring rhythm is clear.
513	Connect position shifts, offbeat entries, and repeated patterns within an eight-bar phrase.
514	Continuous Sixteenth-Note Thirds
515	Play thirds in four-note groups without adding tension at string changes.
516	Combines continuous sixteenths, leaps in thirds, and diagonal position shifts.
517	Cross-String Sixteenth-Note Fourths
518	Connect fast fourth-interval leaps while muting skipped strings. Keep all four notes even immediately after a string change.
519	Sustain string-skipping fourths in sixteenth notes.
520	Sixteenth-Note Pivot Expansion
521	Listen separately to the recurring pivot and the moving melody. Keep picking motions small through wide leaps.
522	Combine a repeated sixteenth-note pivot with wide intervals and position shifts.
523	Four-Note Pentatonic Sequence
524	Overlap four-note pentatonic groups. Accent only the first note of each bar and keep the remaining sequence even.
525	Maintain continuous sixteenth-note sequences through wide pentatonic intervals.
526	Triads in Reverse
527	Ascend and descend through triads in sixteenths. Sweep picking is optional; coordinate picking and muting so each note remains distinct.
528	Control fast arpeggio leaps, direction changes, and string muting together.
529	Major-Seventh Zigzag
530	Zigzag between the 1st, 3rd, 5th, and 7th. This is a technique exercise over a single major-seventh chord.
531	Connect major-seventh leaps in sixteenths while shifting positions across two octaves.
532	Fast Blue-Note Response
533	Treat the blue-note sequence as brief passing tones. Use even sixteenths, not swing.
534	Maintain sixteenths while alternating chromatic passing tones and wide blues intervals.
535	Eighth- and Sixteenth-Note Density
536	Alternate busy bars with spacious ones. Keep the metronome beat unchanged when the note count drops.
537	Switch both note density and position at a high tempo.
538	Offbeat Sixteenth-Note Sequence
539	In bars that start with a sixteenth rest, enter one subdivision after the beat. Do not rush the first note after the rest.
540	Requires accurate entry after a sixteenth rest and a steady internal pulse through continuous sequences.
541	Three-Technique Legato
542	Connect consecutive notes on the same string with H, P, and SL. Pick again when changing strings and keep each note at an even volume.
543	Sustain technique changes, string changes, and position shifts in sixteenth notes.
544	Sequences and Leaps: Complete Solo
545	Connect stepwise motion, thirds, fourths, and pivot patterns into one phrase. Hear the first beat of each new pattern and resolve to the final tonic.
546	Advanced synthesis: Maintain a fast rhythm while changing the interval pattern in each bar.
547	Connect Strings One Beat at a Time
548	Use eighth notes on just one beat in bars 1–4, then descend in bars 5–8. Release tension on the long note after changing strings.
549	Two-String Round Trip to the Root
550	Connect two notes on one beat to a long destination note. Check the final A in bars 1, 6, 7, and 8, and mute strings you have left.
551	Pentatonic String-Skipping Response
552	Skip strings in two-note groups in bars 1–4, then alternate single notes in bars 5–6. Use both hands to mute skipped strings.
553	Offbeats with String Skipping
554	Connect an opening rest and sixteenth-note leaps to a long note. Leave the first half-beat empty in bars 1, 2, 5, and 6, and keep the volume even after string skips.
555	Distinguish C and Am Chord Tones
556	Distinguish C–E–G in bars 1, 3, 5, and 7 from A–C–E in bars 2, 4, and 6. Return to C in bar 8. Separate each note rather than holding a ringing accompaniment chord.
557	Connect Thirds and Sevenths
558	Connect the 3rds and 7ths of Dm7→G7→Cmaj7. Prepare F→B from bars 1→2 and B→E from bars 2→3. In bars 5–8, change the starting note while tracing the same harmony. Mute the intervening strings when moving up an octave from E at string 5, fret 7 at the end of bar 7 to E at string 2, fret 5 at the start of bar 8.
559	Hammer-on and Pull-off Response
560	Apply H–H–P to the first four notes of bars 1–7, using the short response you learned earlier. Pick only the first note and rest on the last beat to hear the phrase end.
561	Compare Picked and {value1} Note Volume
562	Pick on beat 1 and use {value1} for the two notes on beat 2. Move to string 2 in bars 3–4, keep the volume even, and hold the final half note for its full length.
563	{value1} with a Mid-Bar String Change
564	Change strings on beat 3. In bars 1–2, practice picking the first note on the new string separately from muting the previous string.
565	{value1}: Control Density and Arrival
566	Connect the four notes on beat 1 with {value1}, change strings on beat 2, and sustain through beats 3–4. Control the destination note's length and volume independently of the fast run.
567	Land on Target Notes at Chord Changes
568	Develop a Motif through the Harmony
569	Target Notes, Rests, and Legato Mini Solo
570	End each bar on a long chord tone. First practice the E/A/A/G arrivals in bars 1–4 and C/A/F/C in bars 5–8 separately.
571	Reorder bar 1's ascending motif in bar 2, then adapt it to the harmony in bars 3–4. Change register in bars 5–8 before returning to the original motif.
572	Combine intermediate offbeats, H/P, and two positions within eight bars. Answer after rests in bars 2 and 4, then return to long notes after the short sixteenth-note run in bar 5.
573	Advanced · Prioritize harmonic arrivals, motif continuity, rhythm, and expression alongside speed.
574	Warm, upbeat melodic fingerstyle with a sense of forward motion. 40 written bars, 56 with repeats. Listen to the short melodies and simultaneously plucked chords, then make your own variations.
575	Play stacked TAB numbers together. Alternate bass-and-melody pinches, middle-voice dyads, and single-note responses. Avoid emphasizing strums or country-style alternating bass.
576	Let the long notes on strings 1 and 2 sing, and play the inner sixteenths softly. Make the D# and A in B7 and the G# and D in E7 clear.
577	The bass in bars 23–24 descends A→G→F→E. Bars 29–36 open up the register with small barres and partial voicings at frets 5–10. Use a partial voicing for G's high B.
578	The pre-chorus is condensed to two bars. In its final bar, Em7, Am7, and Dm7 each last one beat; Gsus4 and G each last half a beat. The first and second pre-choruses use different rhythms.
579	Listen for Gsus4→G on beat 3 of bar 39 and C→E/G→D/E in the final Cadd9. Let the final two beats ring without picking again. Keep 92 BPM to the end.
580	Intermediate · Connect bass and treble melody with mixed rhythms and position shifts.
581	Fingerstyle
582	Start after learning open chords, small barres, and simultaneous bass-and-treble plucking.
583	Play the verse and chorus repeats twice each only.
584	Bring out the treble melody while gently plucking the inner dyads.
585	A sketch for composition inspiration · Adjust fingering and dynamics to suit your own guitar playing.
586	There is already a hit here. Select and delete it before entering a rest.
587	The previous note in this drum voice extends into this position. Shorten it first.
588	The input position does not match the existing rhythm.
589	There is a kick or pedal hi-hat here. Delete it before entering a rest.
590	A rest cannot fit the current rhythm. Select a note onset.
591	Tom 1
592	Tom 2
593	Floor Tom
594	Roll ▸
595	Accent >
596	Ghost note (note)
597	Flam
598	Drag
599	Roll · one slash
600	Roll · two slashes
601	Roll · three slashes
602	Buzz Roll
603	Use the same triplet duration within a triplet group.
604	This duration does not fit the current rhythm.
605	The note extends beyond the end of the bar.
606	This overlaps the next note in the same drum voice. Choose a shorter duration.
607	A score must contain at least one bar.
608	This technique is not available for this instrument.
609	Ties are not applied to drums.
610	Select the starting note for the technique.
611	Select a note on the string to mark.
612	Remove the natural harmonic before applying a bend.
613	Check the bend interval.
614	Check the bend shape.
615	Select a fret on the string to mark as a harmonic.
616	Remove the bend before applying a natural harmonic.
617	Choose fret 3, 4, 5, 7, 9, 12, 16, 19, or 24 for a natural harmonic.
618	Enter simultaneous notes on at least two strings at the same position.
619	A tie connects to the immediately following note of the same pitch on the same string.
620	This connecting technique is not supported.
621	Enter two consecutive notes or chords on the same strings within one bar, using different frets on each string.
622	First enter two consecutive single notes on the same string within one bar.
623	H connects a lower fret to a higher fret.
624	P connects a higher fret to a lower fret.
625	A slide connects different frets.
626	Use the on-screen keyboard or drum pads.
627	The actual fret, including the capo, must be {value1} or lower.
628	Remove the triplet group before changing the duration.
629	This note duration extends beyond the end of the bar.
630	Bar {value1} · beat {value2}: This overlaps a following note, rest, or triplet input position. Choose a shorter duration.
631	The selected duration cannot be used at this position.
632	A bar can contain up to 64 input positions.
633	This note duration is not supported.
634	The following triplet group cannot be moved.
635	Keeping the following notes would exceed the bar length. Move them to the next bar or make space first.
636	Triplets and dotted notes cannot be entered together.
637	Select a regular eighth note before choosing a dotted eighth.
638	Beats cannot be inserted inside a triplet group.
639	A bar can contain up to 64 beats.
640	Select the note to move and its destination beat.
641	This pitch cannot be played on the current string. Choose a string from the pitch or alternative-fingering options first.
642	Place it on TAB string 1–{value1}.
643	Remove ties or H/P/SL connections before moving the note.
644	There is already a note on this string.
645	This beat already contains a note. Move to a rest of the same duration.
646	Move to a rest of the same duration. Use Split Beat or Note Duration to prepare a space.
647	Remove the dotted eighth before splitting the beat.
648	Remove the triplet group before splitting the beat.
649	This beat cannot be divided further.
650	Remove techniques and ties before splitting connected beats.
651	Choose a picking pattern.
652	The maximum is 64 bars.
653	Could not display this bar: {value1}
654	Current input position
655	TAB notation
656	Standard notation
657	Standard notation and TAB
658	Rhythm playback position
659	Last entered note
660	Check the MIDI pitch.
661	Select a score input position.
662	Edited-score storage is unavailable in this browser.
663	This browser cannot save locally. Export a file instead.
664	Could not save favorites: {value1}
665	Follow
666	Follow Fingering
667	Drum percussion staff
668	Single piano staff · 
669	Bass clef
670	Treble clef
671	Two-hand piano grand staff
672	Connect eighth–sixteenth–sixteenth and sixteenth–sixteenth–eighth patterns to long destination notes and rests. Keep the main pulse and technique arrivals steady as the note count changes.
673	{value1} · Mixed rhythms and precise technique arrivals
674	Mixed Eighth/Sixteenth Hammer-ons
675	Mixed Sixteenth/Eighth Pull-offs
676	Mixed-Rhythm Slides and Slurs
677	HPH/PHP Mixed Rhythms
678	HPH and Legato Slide Response
679	Half-Step and Whole-Step Bend Targets
680	Bend, Release, and Eighth/Sixteenth Response
681	Bend, HPH, and Slide Phrase
682	Unsupported chord: 
683	Note outside the scale: {value1} {value2}
684	Bar {value1}: beat total
685	{value1}: simultaneous-note structure
686	{value1}: simultaneous-note reference pitch
687	{value1}: voicing and TAB mismatch
688	{value1}: chord diagram and TAB mismatch
689	{value1}: fingering range
690	{value1}: TAB pitch
691	{value1}: notated pitch
692	{value1}: scale or chord tone
693	{value1}: technique connection
694	{value1}: technique direction
695	Alternating-Bass Accompaniment in G Major
696	Move through G–D–Em–C and return via Am–D7–G. Alternate the root and fifth of each chord.
697	Connect G-major chord changes with alternating bass.
698	A-Minor Cycle with Sixteenth-Note Accompaniment
699	Follow Am–Dm–G–C–F–Dm–E7–Am. The G♯ in E7 leads into the final Am.
700	Express minor-key tension and resolution with independent bass and sixteenth-note accompaniment.
701	Em to G · Pinches and Offbeats
702	Start on Em, move through C–G–D, and finish with Am–D7–G. Enter precisely after rests.
703	Use offbeats and rests to distinguish the relative-minor opening from the major-key resolution.
704	Descending C-Major Flow · Eighth/Sixteenth Response
705	Bass and treble answer in eighth- and sixteenth-note rhythms over C–G–Am–Em–F–C–G–C.
706	Match changing rhythmic density and long destination notes to the chord progression.
707	Alternate eighth/sixteenth responses and eighth-note triplets from bar to bar.
708	Distinguish two, four, and three subdivisions at the same tempo.
709	Am · Triplet and Eighth/Sixteenth Accompaniment
710	G Major · Triplet and Eighth/Sixteenth Accompaniment
711	From C to a Small F Barre
712	In bars 3–4, begin by barring only strings 1 and 2 for F with your index finger. Release pressure during the final rest and prepare the next chord diagram.
713	After C and Am, introduce a small F barre with slow quarter notes and preparation rests.
714	Prepare to Move One Barre Shape
715	Move the same shape for Bmaj7→Emaj7 in bars 1–4. Change the inner fingers for D#m in bars 5–6 and Em7 in bar 7. Prepare the next position during the final-beat rest.
716	Prepare shifts between frets 2–9 with slow quarter notes and rests before using continuous eighth-note accompaniment in the next piece.
717	Bass and Treble Density Response
718	In bars 1, 3, 5, and 7, follow treble sixteenth-note responses with a quarter note. In even-numbered bars, connect the short bass note at the end of the last beat to the next chord's downbeat.
719	Combine familiar chord shifts with different bass and treble rhythmic positions, long arrivals, and short lead-in notes before chord changes.
720	First Accompaniment with a C Chord
721	Hold the standard C shape x32010. Pluck the fifth-string bass and treble together on beat 1, then play the remaining notes in order. 0 means an open string.
722	Hold one standard C chord and pluck bass and treble together in quarter notes.
723	Open C and Am Accompaniment
724	Accompany by changing between C and Am. Mute the ringing strings during rests and prepare the next shape.
725	Change between two open chords at frets 0–3 during the rests.
726	C–Am–F–G Accompaniment
727	Prepare C–Am–F–G and pluck bass and treble together on beats 1 and 3. Barre only strings 1 and 2 for F, releasing tension on the other chords.
728	Connect four chord changes, a small barre, and broken-chord eighth-note accompaniment.
729	Bmaj7–D#m–Emaj7–Em7 Chord Shifts
730	Move through Bmaj7 (2–4) → D#m (6–8) → Emaj7 (7–9) → Em7 (7–9). Bmaj7 and Emaj7 use the same movable shape. For Emaj7→Em7, retain the barre and fourth string while lowering the two inner notes. To return from fret 7 to fret 2, release barre pressure, move the whole hand, and press again. Em7 is an intentionally borrowed minor chord in B major.
731	Change barre positions and chord shapes while maintaining eighth-note accompaniment and alternating root/fifth bass.
732	Independent Bass and Sixteenths over Chord Shifts
733	Use the Bmaj7–D#m–Emaj7–Em7 shifts learned at intermediate level. Alternate root and fifth with your thumb on every beat while the treble plays independent sixteenths. Keep bass timing and treble balance steady before each shift. Em7 is an intentional borrowed chord.
734	Add alternating bass on every beat and independent rhythmic and dynamic control of continuous treble sixteenths to familiar chord shifts.
735	Three-Note Pinches and Offbeat Responses
736	Add three-note pinches and eighth/sixteenth variations to the previous Bmaj7–D#m–Emaj7–Em7 shifts. Land on the downbeat after each shift and mute ringing strings during rests. G and D in Em7 are intentional borrowed-chord tones.
737	Keep familiar chord shapes and position shifts while combining simultaneous plucking, alternating bass, and re-entry after rests.
738	Bar {value1}, note {value2}: chord tone does not match the learning objective
739	Bar {value1}: chord target note mismatch
740	Bend to the indicated half-step or whole-step target. On a release curve, return to the original pitch before continuing the next H/P or SL connection.
741	Pick only the note before H, without picking the destination again. Pick again on a new string and mute the previous one.
742	Fret the lower P note in advance. Pick only the starting note, then pull off to sound the lower note.
743	Connect the starting and ending SL frets with the same finger. Do not arrive early.
744	Pick only the first note of each H/P group and any unmarked notes. Mute strings when changing groups and listen for volume differences.
745	Keep picking movements small at string changes. Keep fingers close for semitones and leave one fret between them for whole tones.
746	Prepare your index and ring or little fingers for each interval. Use both hands to mute the middle string when skipping strings.
747	Hold long destination notes for their full length, then mute just before rests. Keep the main beat steady even when the number of short notes changes.
748	First be able to name C–E–G as 1·3·5 and Cmaj7 as C–E–G–B. Separate each note and mute strings you have left. Practice slow finger alternation or rolling for same-fret string changes.
749	Set your fingers from the chord diagram first. Use p for bass and i/m/a for treble. Stacked TAB numbers are simultaneous notes. Hold the shape within a chord and mute at rests or chord changes.
750	String {value1}, fret {value2}, {value3}{value4}
751	Connect {value3} in bar {value1}, note {value2}, with even timing.
752	Keep connected {value1} notes from losing volume and resume picking on unmarked notes.
753	Sound bass and treble together on the downbeat and distinguish them from the next note.
754	Maintain fingering and note length through {value1} in the final bar.
755	Mute during the rest in bar {value1} without missing the next beat.
756	Maintain the main pulse and volume through changes in note density and strings.
757	Automated pitch, rhythm, and notation checks passed / live guitar performance review needed
758	Select the staff for the hand you want to enter.
759	This position already contains music. Select the note in the score to edit it.
760	Select the note to move in the score.
761	Remove ties before moving notes to another staff.
762	This overlaps the other hand's rhythm. Make a space of the same duration on the destination staff.
763	Enter a matching triplet rhythm on the destination staff before moving the note.
764	This overlaps a triplet on the destination staff.
765	The same pitch already exists at this position on the destination staff.
766	Check the rhythmic boundaries on the destination staff.
767	Move metronome (drag or use arrow keys)
768	Steady eighth notes
769	Steady sixteenth notes
770	Enter after an eighth rest
771	Rest U D U
772	Beginner · Quarter notes
773	Intermediate · Eighth notes
774	Advanced · Four subdivisions on beat 1
775	Set the chord shape first
776	Follow the chord diagram above the bar and hold your fingers in place. Unlike single-note exercises, do not re-fret and move your left hand for each note. Use only the strings shown in the exercise's chord diagram.
777	Pluck stacked numbers together
778	TAB numbers stacked vertically at the same horizontal position sound together. Start the bass and treble fingers at the same time rather than brushing across them in sequence.
779	Give the thumb and treble fingers separate roles
780	p means thumb, i index, m middle, and a ring finger. Start with the thumb on bass strings 6, 5, and 4, and index, middle, and ring fingers on strings 3, 2, and 1. p+m means pluck with thumb and middle finger together.
781	Let notes ring within the same chord
782	Let ring means allowing earlier notes to overlap naturally with the next notes. Do not lift your fretting hand immediately or stop a ringing string with the next finger. At a chord change, mute any unwanted resonance from the previous chord.
783	Distinguish root and fifth in the bass
784	The lowest note on beat 1 is the root of that bar's chord. Alternating-bass exercises use the fifth on beat 3. Listen to the thumb supporting the beat while the treble flows above it.
785	Mute together at rests
786	At rests in this introductory score, lightly mute the ringing strings and prepare the next chord. Keep counting internally after the sound stops. You can also practice chord changes separately.
787	Balance simultaneous and separate notes
788	Do not pull hard when plucking several notes together. Keep the thumb from overpowering the treble and start at a slow BPM where the chord stays clear. Relax your hands and rest if uncomfortable.
789	Down and up describe pick direction, not pitch
790	D (down) moves from string 6 toward string 1; U (up) moves the other way. A rising melody does not require upstrokes. Alternating D–U–D–U on evenly spaced notes is called alternate picking.
791	Try starting with a downstroke
792	Starting continuous eighths or sixteenths with a downstroke gives practice a clear reference. Do not restart with a downstroke at every string change. Practicing from an upstroke is also useful; no single direction is right for all music.
793	Rests occupy subdivisions too
794	The chart below demonstrates picking directions aligned with steady subdivisions. In eighth notes, resting on the first subdivision means entering with an upstroke on the next &. Count through the silence. With mixed long notes and rests, do not assign D/U solely by counting the sounding notes.
795	Do not pick again at H, P, or SL
796	In this score, the destination notes of H (hammer-on), P (pull-off), and SL (legato slide) are sounded by the fretting hand. Pick the first note of each connected group, then resume when changing strings or after the connection ends. Do not force down/up strokes onto destination notes.
797	Even length and volume before speed
798	Keep the pick shallow against the string and use only the movement you need. Listen for an even sound between downstrokes and upstrokes, and lightly mute unwanted strings with both hands. Chord-accompaniment exercises let earlier notes overlap, so follow their specific tips. Relax your shoulders and hands, and stop to rest if uncomfortable.
799	Rests and long notes shape the phrase
800	After short notes, hold long notes for their written duration and stop the sound at rests. Hear two bars as a call and response. Shape the beginning and end of each phrase rather than striking every note hard.
801	Practice difficult transitions separately
802	Slowly repeat the two to four notes around a mistake, then reconnect one bar, two bars, and the full piece. Raise BPM gradually once note and rest lengths, muting, and technique arrivals are stable.
803	Prepare a displayable score first.
804	Allow the print-preview popup and try again.
805	{value1} · A4 Print Preview
806	Print · Save as PDF
807	Creating PDF…
808	Could not save PDF: 
809	A4 portrait · 10 mm margins · Preserves your bars-per-line and line-break settings.
810	Preparing PDF preview…
811	Could not prepare the preview. Close this window and try again.
812	A4 Print Preview · {value1} pages
813	Select the next empty note in the triplet currently being entered.
814	Triplet {value1}/3
815	Triplet entry · first note
816	{value1}{value2} note{value3}
817	Dotted 
818	Whole
819	
820	 · fixed
821	Notation and TAB
822	Could not display the score. Choose another exercise.
823	Start at bar {value1}
824	Move section marker
825	Move chord diagram
826	Edit chord name
827	Resolve triplet groups that cross beat boundaries first.
828	Check note lengths at beat boundaries.
829	A bar can contain up to 64 notes.
830	Check the beat assigned to the chord diagram.
831	Check the chord diagram's start and end positions.
832	All fingerings must fit within the chord diagram's displayed fret range.
833	Check the chord diagram's unused-string markings.
834	Enter a chord name and at least one fingering.
835	Align the selection with note boundaries to fill fingerings automatically.
836	{value1} · bar {value2}
837	String {value1} · fret {value2}
838	Enter a chord name or choose a suggested chord.
839	Select at least one string to play.
840	Choose a version 1 score file for the current exercise.
841	Enter a title and practice description.
842	BPM must be a whole number from 30 to 240.
843	Keep tips within 30 lines.
844	The score must contain 1–64 bars.
845	{value1}: A chord diagram is required.
846	{value1}: Check the chord name. Examples: C, Am, Bmaj7, D#m, Em7
847	{value1}: Enter × or fret 0–24 for each of the six strings in the chord diagram.
848	{value1}: Finger numbers must be blank or 1–4.
849	{value1}: The chord diagram must include a string to play.
850	{value1}: Keep the chord diagram within six consecutive frets.
851	{value1}: String {value2}, fret {value3} in the chord diagram is not a chord tone of {value4}.
852	{value1}: Check the barre fret and its start and end strings.
853	{value1}: The barre does not match the fret on string {value2}.
854	{value1}: Check the chord name.
855	{value1}: Enter 1–64 notes or rests.
856	{value1}, item {value2}
857	{value1}: Choose a note duration.
858	{value1}: Check the rest setting.
859	{value1}: Choose H, P, or SL.
860	{value1}: Connecting techniques cannot be applied to rests.
861	{value1}: Enter 1–6 notes to play.
862	{value1}: String must be an integer from 1 to 6; fret from 0 to 24.
863	{value1}: String {value2}, fret {value3} does not match the current scale or chord.
864	{value1}: Could not validate the saved revision. Showing the default score.
865	Could not read the saved score. Showing the default score.
866	Could not save in this browser. Download the score file to keep a copy.
867	Whole note · 4 beats
868	Half note · 2 beats
869	Quarter note · 1 beat
870	Eighth note · ½ beat
871	Sixteenth note · ¼ beat
872	{value1} · {value2} beats · {value3}
873	Select a starting note.
874	Copy a bar first.
875	Triplet entry complete
876	No playable TAB position (?) · The original pitch is preserved. Review it in the Edit menu.
877	Placed outside the preferred fret range.
878	Triplet entry is incomplete. Cancel it?
879	Check the bar length. You can enter up to 64 bars.
880	Could not save. Try again.
881	Incomplete draft saved. Resolve rhythm and input issues to enable playback.
882	Saved to My Scores.
883	Score data exported to a file.
884	Open PDFs using Import PDF in the score library.
885	Choose a score JSON file no larger than 2 MB.
886	Check the note structure.
887	File imported. You can save incomplete work as a draft.
888	This pitch cannot be played at frets 0–24 in the current tuning.
889	Choose a string and fret for the same pitch. Positions are not changed automatically because GP's internal fingering rules are unverified.
890	The selected string already contains a simultaneous note.
891	Inserted a beat {value1} the selection and shifted later beats in the same bar. If the bar overflows, adjust durations or use Split Beat.
892	before
893	after
894	Note moved. Use Undo to restore it.
895	Split the current duration in half, leaving the second half available for input. Other beat positions are unchanged.
896	Selection copied. Copying a line will not replace this copied selection.
897	Pasted the selection at the current position. Press Ctrl+Z to undo.
898	Next note on the same string: lower → higher fret
899	Next note on the same string: higher → lower fret
900	Select a starting note or chord → Slide: connect to different frets on the same strings
901	Sustain into the next note of the same pitch
902	Shorten the selected note or chord's sustain.
903	Apply vibrato to the selected note
904	Apply at a natural-harmonic position on the selected string
905	Current chord: lower string → higher string
906	Current chord: higher string → lower string
907	Show lingering sustain with an open curve, even without a following note.
908	Show an upward slide-out from the current note or chord
909	Show a downward slide-out from the current note or chord
910	Put the selected note's fret number in parentheses.
911	Bend up a whole step (full) within the selected note's duration.
912	Hold the pitch one whole step (full) higher.
913	Release from a whole-step (full) bend to the original pitch.
914	Bend up during the first half of the note, then release during the second half.
915	Clear techniques from the selected note
916	Slide In
917	Slide Out
918	Release
919	Select an eighth or sixteenth note first.
920	Starting a blank {value1} score. Use Undo to restore the previous edits.
921	Changed to {value1}. Fingering and staves were converted while preserving existing pitches.
922	Enter picking directions at a position containing a note.
923	The fingering group was {value1} at the next position, using the original note duration.
924	overwritten
925	copied
926	Copied the entire current beat to the next beat.
927	Cleared the entire current beat.
928	Deleted all drum notes at the current position. Note duration is unchanged.
929	Cleared the fingering or rest at the current position. Note duration is unchanged.
930	Deleted bar {value1}. Use Undo to restore it.
931	Reset bar {value1}. Use Undo to restore it.
932	Acoustic Kick
933	Side Stick
934	Low Floor Tom
935	Low Tom
936	Mid Tom
937	High Tom
938	Closed Hi-hat
939	Open Hi-hat
940	Crash 2
941	Ride 2
942	Drum MIDI note {value1} is not supported. Choose a sound from the drum pads.
943	The range of {value1} is MIDI {value2}–{value3}.
944	Grand staff (treble + bass clef)
945	Single staff · treble clef
946	Single staff · bass clef
947	Unreadable score
948	Previous score {value1}
949	Could not read or migrate the score library. Existing saved data has not been deleted.
950	Check the score ID, bars, and note structure
951	Could not save: {value1}. Export a file to keep a copy.
952	Saved score not found.
953	Could not update the library: {value1}
954	Enter a title.
955	Select a fingering group to copy.
956	There is no next input position. Check the bar length and the 64-bar limit.
957	Choose the next position's note duration first. Its current duration does not support this input.
958	Enter a title of 1–200 characters.
959	Keep the composer / artist within 200 characters.
960	Enter BPM as a whole number from 30 to 240.
961	This score file is not supported.
962	Manually entered score
963	{value1} · Copy
964	Check the piano voices and hand assignments.
965	Each bar needs 1–64 notes or rests.
966	Check note IDs, onsets, durations, and simultaneous notes.
967	Dotted notes and triplets cannot be applied together.
968	{value1}: Supported tuplets are 3:2 eighth- or sixteenth-note triplets.
969	{value1}: {value2} (starts on beat {value3})
970	Overlaps the previous note
971	Unfilled beat
972	{value1}: Duplicate string or empty note
973	Strings, frets, and guitar techniques cannot be applied to keyboard or drums.
974	Choose left or right hand.
975	{value1}: Enter string 1–{value2} and fret 0–24.
976	{value1}: Per-string muted-note values must be true/false.
977	{value1}: Check the natural-harmonic position.
978	{value1}: Check the beam settings.
979	{value1}: The muted-note value must be true/false.
980	{value1}: Palm Mute must be true/false.
981	{value1}: Check the vibrato setting.
982	{value1}: Check the arpeggio direction.
983	Check the slide-in direction.
984	{value1}: Check the slur target.
985	{value1}: Unsupported connecting technique
986	{value1}: Check the fingering symbol.
987	{value1}: Check the picking direction.
988	Check the open-tie setting.
989	Check the slide-out direction.
990	Check the parenthesized-note setting.
991	Check the bend interval and shape.
992	Bends cannot be applied to muted notes or natural harmonics.
993	{value1}: Display and playback of {value2} are not currently supported. Input data is preserved.
994	Triplets must consist of three consecutive positions of equal duration.
995	Beat {value1}: Incomplete triplet group
996	Bar length: {value1} / {value2} beats ({value3})
997	too long
998	too short
999	Check the chord diagram name and fret for each string.
1000	Chord diagram finger numbers must be 1–4 or null for each string.
1001	Check the chord diagram's barre fret and start/end strings.
1002	A capo cannot be applied to keyboard or drum scores.
1003	Check the capo range.
1004	Check the score format and ID.
1005	Check the string count and each string's MIDI pitch for this instrument.
1006	Supported meters: 2·3·4·6 / 4·8
1007	BPM must be 30–240.
1008	Check the key signature.
1009	Check the title and description format.
1010	The score must contain 1–64 bars.
1011	Check the note and rest structure.
1012	Check the slur's starting and ending notes.
1013	Check the bar's time signature.
1014	Bar {value1}: Missing or duplicate identifier.
1015	Bar {value1}: {value2}
1016	Bar {value1}, note {value2}: H/P/SL connections across barlines are not yet supported. Data is preserved.
1017	Bar {value1}, note {value2}: Check the {value3} connection target.
1018	Bar {value1}, note {value2}: Tie target or pitch mismatch.
1019	Untitled
1020	User score · Not reviewed for teaching
1021	Segno
1022	Start of the bar to return to
1023	Coda
1024	Start of the bar to play after the jump
1025	Jump to the coda after this bar
1026	Stop after this bar
1027	To Segno
1028	Return to the beginning and play to Fine
1029	Return to Segno and play to Fine
1030	Return to the beginning, then jump at To Coda
1031	Return to Segno, then jump at To Coda
1032	Bar {value1}: Currently only one Segno/Coda pair is supported. Existing target numbers are preserved.
1033	Bar {value1}: Unsupported location symbol.
1034	Bar {value1}: Unsupported jump instruction.
1035	Bar {value1}: Fine must be after the return destination.
1036	Set D.C. al Coda or D.S. al Coda to use To Coda.
1037	Ending numbers must be 1–5.
1038	Check the location symbol.
1039	Check the jump instruction.
1040	Check the section marking.
1041	Check the end barline.
1042	Bar {value1}: Ending numbers must be 1–5.
1043	Bar {value1}: Nested repeats are not supported. Set the previous repeat's end first.
1044	Bar {value1}: A repeat-start bar is required.
1045	Bar {value1}: Extend ending 1 through the repeat end.
1046	Bar {value1}: Ending {value2} is required.
1047	Bar {value1}: Place ending 2 after the repeat end.
1048	Bar {value1}: A repeat start cannot be placed inside an ending.
1049	A repeat end is needed to return for the next ending.
1050	Remove the repeat end from the final ending or from the middle of an ending.
1051	Bar {value1}: Select a repeat-end bar.
1052	Bar {value1}: Connect the ending to the repeat-start/end section.
1053	The repeat path does not terminate. Check the marking positions.
1054	Fine cannot be reached after returning. Check its position.
1055	To Coda cannot be reached after returning. Check its position.
1056	Clean Guitar
1057	Audio cannot be started in this browser.
1058	The selected bar is not played on the current repeat path. Choose a starting bar.
1059	Select the entire triplet group.
1060	Reselect the note range to copy.
1061	Copy a score range with Ctrl+C first.
1062	Paste into a score with the same instrument and tuning as the copied range.
1063	Select a paste position.
1064	The paste boundary falls inside an existing note. Align it with a note onset.
1065	Check the paste range.
1066	A copied note crosses a barline. Adjust the starting beat for the paste.
1067	Bar {value1}: Check the repeat-marking format.
1068	Nested repeat
1069	Standard tuning
1070	Half-step down
1071	Whole-step down
1072	Tuning and capo do not apply to keyboard or drums.
1073	Choose capo fret 0–12.
1074	Choose open-string notes, including octaves, within C1–E6.
1075	Bar {value1}, note {value2}: The actual fret exceeds {value3}.
1076	Bar {value1}, note {value2} · {value3}
1077	Bar {value1}, note {value2}, string {value3}
1078	Select a starting note and a later ending note with no rests between them.
1079	From half- and whole-step bends to releases and combined phrases
1080	Listen to the target pitch first and support the string with several fingers.
1081	Target Notes and Bends
1082	Mixed Rhythms and Releases
1083	Connecting Bends, Legato, and Slides
1084	From finger spacing to scales and position shifts
1085	Start when you can read TAB string/fret numbers and quarter notes.
1086	Two notes on one string → quarter/eighth transitions → adjacent-string round trips
1087	Thirds and pivots → fourth-interval leaps and muting
1088	Continuous sixteenths → leaps, offbeats, and connected positions
1089	Learn short patterns and connected phrases with five notes
1090	Start by alternating index, ring, and little fingers on one string.
1091	Two-note spacing → repeating hooks with rests
1092	Position round trips → offbeat entries → string skipping
1093	Four-note sequences → continuous patterns with direction changes
1094	Develop short calls and responses into musical phrases
1095	It helps to learn basic scale fingerings first.
1096	Phrase endings → rests and re-entry → call and response, further applications
1097	Offbeat responses → H/P connections → two connected positions
1098	Chord target notes → motif development → short solo
1099	Single-note lead practice following chord tones
1100	This course develops lead playing with separate notes. For accompaniment that holds chord shapes while plucking bass and treble together, use the arpeggio course.
1101	1·3·5 across three strings → slow eighth notes
1102	Two octaves → connected chord tones and major sevenths
1103	Sixteenth-note triads → major sevenths → 3rds and 7ths through chord changes
1104	Broken-chord accompaniment: hold the chord, pluck bass and treble together, then continue
1105	Beginners start with basic open chords at frets 0–3. 0 means an open string. Prepare the chord shape first and pluck vertically stacked TAB numbers together.
1106	Basic open chords → two-chord accompaniment → small F barre
1107	C–Am–F–G → Bmaj7–D#m–Emaj7–Em7 chord shifts
1108	Familiar chord shifts + independent bass → pinches, offbeats, and rhythmic variations
1109	Pick once, then sound a higher note with the fretting hand
1110	Fret the lower note cleanly and prepare the finger for the higher note.
1111	Two notes on one string → two-note connections across strings
1112	Three-note hammer-ons → string changes
1113	Continuous sixteenth-note hammer-ons → pattern and position changes
1114	Lift the higher-note finger to connect to a lower note
1115	Fret the lower destination note in advance. Lift only the higher finger and keep the lower one in place.
1116	Two notes on one string → descending phrases
1117	Three-note pull-offs → string changes
1118	Continuous sixteenth-note pull-offs → patterns that change direction
1119	Reach the next fret while keeping your finger on the string
1120	Use the same finger for both notes. Check both the destination fret and arrival beat.
1121	Two frets on one string → round trips across two strings
1122	Connect several positions → control eighth-note arrivals
1123	Sixteenth-note slides → changes in direction and position
1124	Connect hammer-ons and pull-offs to play with fewer pick strokes
1125	Learn beginner hammer-ons and pull-offs first. Beginner here means an introduction to legato.
1126	H/P connections and rests on one string → apply to two strings
1127	Three-note H/P connections → phrases with slides
1128	Sixteenth-note H/P → combined H/P/SL connections
1129	Connect low→high→low notes on one string with H/P. Rest on the final beat of bars 1–7 and resume picking on unmarked notes.
1130	Connect only the two notes marked {value1}. Pick unmarked notes and relax your hand during the final-beat rest.
1131	One-String Hammer-on/Pull-off
1132	Two-Note {value1} on One String
1133	Learn one connection using a two-fret interval on one string, quarter notes, and rests.
1134	{value1} Across Two Strings
1135	Complete each bar on one string. Prepare the next string's starting position during the rest and balance the volume between strings.
1136	Alternate the connection between two strings and sustain the long note after the eighth notes. Prepare position changes during rests.
1137	Three-Note {value1}
1138	Connect three notes on one string. Pick the first note of each four-note group again and keep connected notes from losing volume.
1139	Control three notes spanning up to four frets in eighth notes.
1140	{value1} with String Changes
1141	Move to the next string each bar. Pick its first note and mute the previous string's resonance.
1142	Add adjacent-string changes and muting to three-note connections.
1143	Continuous Sixteenth-Note {value1}
1144	Connect four-note groups in steady sixteenths. Match the volume of picked starting notes and connected notes.
1145	Maintain continuous sixteenths, three-note connections, and string changes for eight bars.
1146	{value1} with Direction Changes
1147	Alternate a three-note pattern with a variation in its intervals. Pick unmarked leaps and prepare the next connection.
1148	Change patterns, picking points, and positions in sixteenth notes.
1149	Two-Note Pentatonic Spacing
1150	Play two quarter notes on one string. Prepare the next string during the rest and get used to the three-fret interval.
1151	Learn minor-pentatonic finger spacing using two strings, quarter notes, and rests.
1152	Pentatonic Cross Pattern
1153	Continuously move two notes ahead, then one note back. Keep sixteenth-note spacing even through direction changes.
1154	Alternate stepwise movement and leaps in continuous sixteenths.
1155	First Steps with 1·3·5 Across Three Strings
1156	Play a major chord's 1st, 3rd, and 5th one at a time on three adjacent strings. Mute strings you have left to separate the notes, and change strings slowly in quarter notes.
1157	Learn the three triad tones in one position across three strings, using quarter notes.
1158	Three-String Eighth-Note Round Trip
1159	Play the previous exercise's three-string fingering up and down in eighth notes. Keep counting through the final rest before re-entering.
1160	Connect eighth notes and rests while keeping the three-string fingering.
1161	This position cannot be converted to a regular note.
1162	Choose eighth or sixteenth notes for triplets.
1163	Remove the dotted eighth before entering triplets.
1164	Remove the existing triplet group before changing its duration.
1165	Select the beat where the triplet group starts.
1166	There are notes later in this beat. Start the triplet on an empty beat.
1167	Make an empty beat and remove connecting techniques.
1168	Converting to three regular notes requires empty time afterward. Deleting the group clears only its current duration.
1169	Could not load the instrument sound.
1170	Could not start audio. Tap again.
1171	Bar {value1} · beat {value2} · {value3}
1172	Change pitch
1173	Drop inside the score · Esc to cancel
1174	Move canceled. The score is unchanged.
1175	Move canceled.
1176	Loading FRETIVA LAB
1177	Preparing the FRETIVA LAB app.
1178	Saved Chords
1179	Mini Chords
1180	No saved chords
1181	Save chords, then load them here.
1182	The same repeat marking is already set.
1183	A repeat start is required.
1184	Remove the connected repeat end and endings first.
1185	Remove the endings that use this repeat first.
1186	Remove higher-numbered endings first.
1187	An ending can only extend into an adjacent bar with the same number.
1188	Ending 1 needs both a repeat start and a repeat end.
1189	Set ending {value1} first.
1190	Place ending {value1} after ending {value2}.
1191	Ending 1 needs a repeat-end marking.
1192	Remove the To Coda referencing this Coda first.
1193	Remove the jump instruction referencing this symbol first.
1194	Remove the jump instruction in the same bar first.
1195	The same symbol is already set.
1196	A progression can contain only one Fine.
1197	The same {value1} target already exists.
1198	A Coda symbol is needed as the target.
1199	Coda must be in a bar after To Coda.
1200	Remove the location symbol in the same bar first.
1201	The same jump instruction is already set.
1202	A progression can contain only one jump instruction.
1203	Place the jump instruction after the first bar.
1204	A Segno symbol is needed as the target.
1205	Segno must be in a bar before the D.S. instruction.
1206	A Fine symbol is needed as the target.
1207	Fine must be in a bar before the jump instruction.
1208	To Coda and Coda must have matching numbers.
1209	To Coda must be in a bar before the jump instruction.
1210	Coda must be in a bar after the jump instruction.
1211	To Coda must come after Segno.
1212	A 64-bar acoustic pop exercise combining open-chord changes with section-by-section band arranging
1213	Beginner to early intermediate
1214	Intro build
1215	Chorus expansion
1216	A 64-bar project for two-beat chord changes and spacious mid-tempo pop ballad accompaniment
1217	A bright 64-bar mid-tempo pop progression for C–G–Am–F open chords, eighth-note strumming, and two-beat changes
1218	A 64-bar progression for ii–V–I changes, seventh chords, walking bass, and soft jazz-pop rhythm
1219	Early intermediate
1220	An upbeat 64-bar pop-rock progression for open-chord eighth-note strumming and quick two-beat changes
1221	Recommended progression for personal practice · 96-bar piano ballad with a soft pop band arrangement
1222	Personal practice
1223	Hammer-on
1224	Slide Up
1225	Slide Down
1226	Bend Release
1227	Natural Harmonic
1228	Conversion stopped because of unsupported or unrecognized symbols. Check the raw output.
1229	Choose standard notation or octave-transposing guitar notation.
1230	Experimental OMR conversion · Compare with the original
1231	Check the string and fret for note {value1}.
1232	Top left
1233	Top right
1234	Bottom right
1235	Bottom left
1236	Bright Start
1237	Bright, basic pop rhythm practice
1238	Warm Cycle
1239	Acoustic pop · Gentle strumming
1240	Power Pop Rock
1241	Band strumming · Mid-tempo rock
1242	Soul Groove
1243	Two-beat chord changes · Smooth soul
1244	Quick Changes
1245	Chord changes lasting two beats, one beat, and one beat
1246	Tension and Release
1247	Flowing progressions with two-beat changes
1248	Blues Walk
1249	Basic 12-bar blues · Loop turnaround
1250	Move to the next chord using the specified fingering
1251	Open
1252	Near the nut
1253	Around fret {value1}
1254	{value1} · string {value2} root · {value3}{value4}
1255	E-shape maj7
1256	E-shape 7
1257	A-shape maj7
1258	E-shape m7
1259	A-shape m7
1260	D-shape maj7
1261	E-shape major
1262	A-shape major
1263	E-shape minor
1264	A-shape 7
1265	Seventh-Chord Barre Cycle
1266	Descend from fret 7 to 5 to 3 while learning seventh-chord barre changes with visible sixth- and fifth-string roots and ii–V–I resolution
1267	Use barre chords instead of open chords and move through frets 7→5→3.
1268	Bm7 → Em7: Switch from sixth-string-root E-shape m7 to fifth-string-root A-shape m7 within the seventh-fret area
1269	Em7 → Am7: Descend exactly two frets from 7 to 5 while changing the root string
1270	Am7 → Dm7: Stay at fret 5 and switch from sixth-string-root E-shape m7 to fifth-string-root A-shape m7
1271	Dm7 → G7 → Cmaj7: Descend from fret 5 to 3, hear the F→E and B→C semitone resolutions, then connect to the next Bm7
1272	Around fret 7
1273	Bm7 · string 6 root · E-shape m7 at fret 7
1274	Hold a full barre at fret 7 and add only string 5, fret 9, then switch to Em7 in the A shape in the same area
1275	Clearly show the B root at string 6, fret 7
1276	Full barre at fret 7 plus string 5, fret 9
1277	Course starting point
1278	Em7 · string 5 root · A-shape m7 at fret 7
1279	Mute Bm7's sixth string and change strings 5, 4, and 2 to form Em7 in the same seventh-fret area
1280	Include the E root at string 5, fret 7
1281	Resolve within the same seventh-fret area as Bm7
1282	Do not use the previous rootless fingering
1283	Around fret 5
1284	Am7 · string 6 root · E-shape m7 at fret 5
1285	Move the whole hand down exactly two frets from Em7's seventh-fret area to a full barre at fret 5
1286	Full barre at fret 5 plus string 5, fret 7
1287	Descend exactly two frets from fret 7
1288	Return to a sixth-string root
1289	Dm7 · string 5 root · A-shape m7 at fret 5
1290	Stay at Am7's fifth fret, mute string 6, and reposition the fifth-string D root and strings 4 and 2
1291	Include the D root at string 5, fret 5
1292	Stay in the same fifth-fret area as Am7
1293	Around fret 3
1294	G7 · string 6 root · E-shape 7 at fret 3
1295	Descend two frets from Dm7's fifth-fret area and clearly hear G7's third (B) and flat seventh (F)
1296	Descend two frets from fret 5 to 3
1297	Clearly hear the third (B) and flat seventh (F)
1298	Tension chord before Cmaj7
1299	Cmaj7 · string 5 root · A-shape maj7 at fret 3
1300	Land on the C root at string 5, fret 3; hear F→E and B→C resolve by semitone, and connect the sustain to the next Bm7
1301	Include G at string 1, fret 3
1302	Land on the C root at string 5, fret 3
1303	Let the final resolution ring
1304	Seventh-Chord Resolution in D
1305	Switch between sixth- and fifth-string-root shapes to resolve to Dmaj7
1306	Move through frets 3→5→7 with barre chords, arriving at Dmaj7
1307	Bm7 → Em7: Stay in the seventh-fret area and switch from a sixth-string root to a fifth-string root
1308	Em7 → A7: Move the whole hand down exactly two frets from 7 to 5
1309	A7 → Dmaj7: Stay in the fifth-fret area and switch from a sixth-string root to a fifth-string root
1310	Move from Gmaj7 at fret 3 to A7 at fret 5
1311	Change root strings to Dmaj7 in the same fifth-fret area
1312	Move the whole hand from fret 5 to Bm7 at fret 7
1313	Bm7 · string 6 root · fret 7
1314	Stay in the seventh-fret area and switch from a sixth-string-root shape to fifth-string-root Em7
1315	B root at string 6, fret 7
1316	Same seventh-fret position as Em7
1317	Keep the hand position through Em7
1318	Em7 · string 5 root · fret 7
1319	Switch to a fifth-string-root shape in the same seventh-fret area as Bm7
1320	E root at string 5, fret 7
1321	Same seventh-fret position as Bm7
1322	Descend two frets for the next A7
1323	A7 · string 6 root · fret 5
1324	Move the whole hand down two frets from Em7 to A7 in the fifth-fret area
1325	A root at string 6, fret 5
1326	Move from fret 7 to 5
1327	Keep the hand position through Dmaj7
1328	Dmaj7 · string 5 root · fret 5
1329	Resolve to fifth-string-root Dmaj7 in the same fifth-fret area as A7
1330	D root at string 5, fret 5
1331	Same fifth-fret position as A7
1332	Final resolution chord
1333	Alternating Major-Seventh Roots in A
1334	Move from fret 5 to 7 while alternating sixth- and fifth-string roots
1335	Stay at fret 5 and switch from a sixth-string-root shape to a fifth-string-root shape
1336	Move the whole hand up two frets to Emaj7
1337	Descend from fret 7 to 5, arriving at Amaj7
1338	Let Amaj7 at fret 5 ring and prepare to repeat
1339	Two-Beat Resolution in D
1340	Move between frets 7 and 5 every two beats, resolving to Dmaj7
1341	Change root strings to Em7 in the same seventh-fret area
1342	Move the whole hand down two frets to A7
1343	Return quickly to Bm7 at fret 7
1344	Let Dmaj7 ring and prepare to repeat
1345	D-Shape Semitone Round Trip
1346	Move D→E→F and back with the same maj7 shape
1347	Move the same D shape up two frets to Emaj7
1348	Move the same D shape up one fret to Fmaj7
1349	Keep the shape and descend to Emaj7
1350	Return to Dmaj7 with its open-string root
1351	D-Shape Two-Fret Shifts
1352	Move F→G→A in two-fret steps with the same maj7 shape
1353	Keep the D shape and move up two frets to Gmaj7
1354	Keep the D shape and move up two frets to Amaj7
1355	Descend to Gmaj7 with the same shape
1356	Descend to Fmaj7 with the same shape
1357	Let Fmaj7 ring and prepare to repeat
1358	D Shape Across the Fretboard
1359	Practice wide D-shape moves through frets 3→5→7
1360	Let Amaj7 ring fully, then descend to Gmaj7
1361	Keep the same shape and descend a semitone to Emaj7
1362	Pop-Rock Barres in G
1363	Move through frets 3→5→7 with E- and A-shape barres
1364	Move from the E shape at fret 3 to A-shape D at fret 5
1365	Move from fret 5 to E-shape Em at fret 7
1366	Make a wide descent from fret 7 to A-shape C at fret 3
1367	Let C at fret 3 ring and prepare to repeat
1368	Two-Beat Barre Changes in G
1369	Move precisely through frets 3→5→7→3 every two beats
1370	Change root strings to E-shape G at fret 3
1371	I–vi–IV–V Barres in C
1372	Connect a C-major progression with barre chords, without open chords
1373	Descend from C at fret 8 to Am at fret 5
1374	Descend from Am at fret 5 to F at fret 1
1375	Ascend from F at fret 1 to G at fret 3
1376	Hold the tension of G at fret 3 and repeat back to C
1377	Basic m7♭5 Resolution
1378	Resolve from m7♭5 at fret 7 through E7 to Am7
1379	Switch to E7 in the same seventh-fret area
1380	Resolve from fret 7 to Am7 at fret 5
1381	Let Am7 ring and prepare to repeat
1382	Two-Beat m7♭5 Changes
1383	Change m7♭5→E7→Am7 every two beats
1384	Let Am7 ring fully before returning to fret 7
1385	Extended m7♭5 Cycle
1386	Move through frets 7→5→3, following a minor resolution with ii–V–I
1387	Stay at fret 5 and change root strings to Dm7
1388	Descend from fret 5 to G7 at fret 3
1389	Resolve to Cmaj7 in the same third-fret area
1390	Let Cmaj7 ring and prepare to repeat
1391	Rootless Shell ii–V–I
1392	Leave the root to the bass and connect only the 3rd, 5th, and 7th
1393	Frets 5–7
1394	Keep strings 1 and 2 at frets 5 and 6, and avoid the two lowest strings
1395	Frets 3–4
1396	Play only the shell on strings 4, 3, and 2; mute strings 6, 5, and 1
1397	Frets 4–5
1398	Connect the middle three-string shapes by semitone and mute the outer strings
1399	Minimal Movement on the Top Three Strings
1400	Connect Am7–Dm7–G7–Cmaj7 using only strings 1–3
1401	Top three strings at fret 5
1402	Hold a mini barre across strings 3, 2, and 1 at fret 5
1403	Top three strings at frets 5–6
1404	Keep the mini barre and move only string 2 to fret 6
1405	Top three strings at frets 3–4
1406	Move the whole shape to the third-fret area, with only string 3 at fret 4
1407	Top three strings at frets 3–5
1408	Anchor string 1 at fret 3 and move only string 2 to fret 5
1409	Main Round Trip
1410	Main
1411	E2–E5 ascending and descending
1412	Pattern A
1413	Sixth-String Hammer-ons
1414	Pattern B
1415	Fifth-String Hammer-ons
1416	Pattern C
1417	First-String Pull-offs
1418	Pattern D
1419	Third-String Descent
1420	Section 1 · Low Sixth-String Start
1421	Start slowly from low E2.
1422	Section 2 · Fifth-String Semitones
1423	Pass through D#3 and climb to fret 11.
1424	Section 3 · Through the Middle Register
1425	Climb along strings 4 and 3.
1426	Section 4 · Reach the High Register
1427	Reach E5 at string 1, fret 12.
1428	Section 5 · Descend from the High Register
1429	Descend with a pull-off and slide feel.
1430	Section 6 · Return to the Lower Register
1431	Return to your low E2 starting position.
1432	Mini A · Sixth-String Ascent
1433	Pick E2, then continue with hammer-ons.
1434	Mini B · Fifth-String Ascent
1435	Pick C#3, then hammer on up to fret 11.
1436	Mini C · First-String Descent
1437	Pick E5, then try slides and pull-offs.
1438	Short slide
1439	Optional pull-off
1440	Mini D · Third-String Descent
1441	Pick F#4, then descend with pull-offs and slides.
1442	Pull-off/slide
1443	Optional hammer-on
1444	Optional pull-off/slide
1445	You completed the E2–E5 ascent and descent accurately.
1446	Review the D# positions once more.
1447	Practice the first-string high-register section again.
1448	Practice the descending fret 11→7 connection again.
1449	Practice returning to the lower register again.
1450	Reconnect the missed positions slowly.
1451	Stage 1 · Open-String Start
1452	Move from low to high using open strings.
1453	Stage 2 · Natural Notes Up and Down
1454	Follow the natural notes at frets 0–3.
1455	Stage 3 · Introduction to Semitones
1456	Learn the semitone at the adjacent fret too.
1457	Stage 4 · Frets 0–3 Round Trip
1458	Move through 0→1→2→3 and back, one fret at a time.
1459	Connect the same positions a little faster.
1460	{value1} · Pattern {value2}
1461	Move through 0→1→2→3→0 on string {value1}.
1462	You completed the frets 0–3 beginner course accurately.
1463	Review all six open-string positions once more.
1464	Practice the adjacent semitone positions again, including F#2.
1465	Reconnect the ascending and descending natural notes at frets 0–3.
1466	Slowly practice 0→1→2→3 and back on one string again.
1467	Slowly review the missed positions at frets 0–3.
1468	Show current guitar only
1469	Climate-Controlled Cabinet
1470	A temperature- and humidity-controlled cabinet with lighting and a glass front door
1471	{value1} original transparent PNG instrument skin
1472	{value1} original transparent PNG guitar skin
1473	{value1} Cream Pomeranian Collection transparent PNG instrument skin
1474	Horizontal figure-eight perspective whale V8
1475	Background fish school A
1476	Background fish school B
1477	Cathedral bell chain
1478	Deep-sea cathedral bell
1479	Cathedral bell clapper
1480	Armillary sphere fixed base
1481	Armillary sphere outer ring
1482	Armillary sphere middle ring
1483	Armillary sphere inner ring
1484	Deep-sea gatekeeper statue
1485	Left seahorse guardian
1486	Right seahorse guardian
1487	Seaweed cluster A
1488	Seaweed cluster B
1489	Seaweed cluster C
1490	Seaweed cluster D
1491	Fine seaweed cluster A
1492	Fine seaweed cluster B
1493	Fine seaweed cluster C
1494	Left moonlight banner
1495	Right moonlight banner
1496	Fixed shell lamp
1497	Large upper-left gear
1498	Small gear
1499	Lower-right gear
1500	Top-mounted pendulum
1501	Clockwork gatekeeper
1502	Moving hermit crab
1503	Swimming shark
1504	Fisher casting a net
1505	Interactive treasure chest
1506	Interactive suspicious chest
1507	Lower lava-rock guitar platform
1508	Lava eruption
1509	Bubbling lava pool
1510	Torch flames
1511	Resting baby dragon
1512	Flying dragon
1513	Fluttering torn dragon banner
1514	Head-tilting miniature poodle
1515	Running and somersaulting border collie
1516	Walking, playful British Shorthair
1517	Hopping, sliding, playful Munchkin cat
1518	Flowing garden fountain
1519	Gently swaying garden swing
1520	Fountain fence · fixed rear layer
1521	Fountain fence · fixed front layer
1522	Mossy wooden plank floor {value1}
1523	Large rocky riverbank
1524	Wide rocky riverbank
1525	Vertical rocky riverbank
1526	Large round rock island
1527	Flat upper rock island
1528	Low rock island A
1529	Low rock island B
1530	Small round rock island
1531	Three-rock island
1532	Wide flat rock island
1533	Large round lily pad
1534	Overlapping large lily pads
1535	Medium round lily pad
1536	Medium split lily pad
1537	Small round lily pad
1538	Wide split lily pad
1539	Fully open water lily
1540	Side-facing water lily
1541	Water lily bud
1542	Central stepping-stone bridge
1543	Lower guitar dock
1544	Pond frog
1545	Diving frog
1546	Subtle floating
1547	Subtle swaying
1548	Continuous rotation
1549	Continuous reverse rotation
1550	Light variation
1551	Subtle gatekeeper idle
1552	Pendulum swing
1553	Background fish-school crossing
1554	Bell-body swing
1555	Opposite-phase bell clapper
1556	Armillary sphere middle-ring reverse rotation
1557	Root-anchored seaweed
1558	Top-anchored banner
1559	Occasional guardian response
1560	Torch burning
1561	Lava bubbling
1562	Sequential movement
1563	Random movement
1564	You have unapplied changes
1565	Could not save. Your changes are preserved
1566	Initial editing state
1567	Map layout applied
1568	Applying map layout…
1569	Jade
1570	Deep Jade
1571	Sapphire
1572	Amethyst
1573	Rose Bronze
1574	Champagne Gold
1575	Dozing while seated
1576	Sleeping with mouth open
1577	Sprawled sleeping
1578	All animations
1579	Relaxing
1580	Sleeping on belly
1581	Fire breath
1582	This browser's enemy adjustments have not yet been included in the deployed version
1583	You have unapplied changes
1584	Matches the applied layout
1585	A frog landing point references a deleted rock or lily pad.
1586	The layout contains map objects that are no longer registered.
1587	The layout duplicates a map object that allows only one instance.
1588	Maps can only be saved from the local development view on this PC.
1589	Could not complete the save request. Your changes remain in the editor.
1590	Could not save display adjustments.
1591	Open treasure chest
1592	Mimic attack {value1}/{value2}
1593	Defeated mimic disappearing
1594	Open closed treasure chest
1595	Abyssal Moon Cathedral
1596	A sunken deep-sea cathedral lit by moonlight
1597	Moonlit Autumn Temple Path
1598	A quiet moonlit temple path with autumn foliage and drifting leaves
1599	Celestial Eclipse Clocktower
1600	A celestial clocktower with a lunar eclipse and rotating astronomical rings
1601	Clockwork Opera Citadel
1602	A mechanical opera citadel resonating with a giant organ and clockwork mechanisms
1603	Coastal Cove
1604	A modular coastal map built around clear shallows and a sandy beach
1605	Claw Arcade
1606	Independent claw machines on dedicated wall-side platforms: four on the left and three on the right
1607	Lava Canyon
1608	A modular canyon map built around a broad lava channel
1609	A city rooftop under starlight and a full moon
1610	Sunny Park
1611	A modular park map built around a sunlit lawn
1612	Mode 7 Lab
1613	Developer-only pseudo-3D perspective and ground tests
1614	Riverside Garden
1615	A modular riverside map built around clear flowing water
1616	Blue Ocean
1617	Aurora Glacier
1618	Above the Clouds
1619	Milky Way Desert
1620	Firefly Forest
1621	 scenery for neon-note practice
1622	3D Lab
1623	A 3D battlefield for landscape phones and desktop
1624	Section 1 · Start at Fret 5
1625	Let's start at fret 5.
1626	Section 2 · Ascend through Frets 7–9
1627	Move up to a higher position.
1628	Section 3 · High Notes at Fret 10
1629	Reach the high notes at fret 10.
1630	Section 4 · Descend Step by Step
1631	Come back down from the high notes.
1632	Section 5 · Return to Fret 5
1633	Return to the starting position.
1634	You completed the ascent and descent accurately.
1635	Practice the high-register section at frets 9–10 again.
1636	Practice the descent and return to fret 5 again.
1637	Practice the ascent through frets 5–8 again.
1638	Cute object-style standard enemies
1639	Elemental orbs: fire, earth, water, wind, light, purple, and ice
1640	Resonance cores: amp, metronome, vinyl, tape, pedal, mic, and speaker
1641	No Pet
1642	Hide the pet beside the guitar.
1643	Cream Pomeranian
1644	A cream Pomeranian that tilts its head, lies down, and sits up to beg
1645	Silver Cat
1646	A silver-white cat that plays with grass, kneads, licks its paws, and washes its face
1647	{value1}, string {value2}
1648	Horizon Height
1649	Camera Tilt
1650	Perspective Strength
1651	Ground Size
1652	Ground Scroll Speed
1653	Near Object Size
1654	Distant Object Size
1655	Object Perspective
1656	Horizontal Spread
1657	Enemy Approach Animation Speed
1658	Field of View
1659	Camera Height
1660	Near-Distance Reference
1661	Maximum Draw Distance
1662	Ground Grid Tiling
1663	Natural
1664	Smooth
1665	Could not render the game screen. [CANVAS_CONTEXT]
1666	Recording ended.
1667	Unsupported SVG screen element. [SVG_CONTENT]
1668	Original
1669	Warm
1670	Cool
1671	Black & White
1672	Video recording is not supported in this environment. Open the same address directly in Safari to check. [RECORDER_API]
1673	Camera unavailable. Check whether another app is using it.
1674	Could not finish recording. Try again.
1675	FRETIVA LAB Guitar Performance
1676	Video compositing is unavailable.
1677	Recording mode closed because you left the screen. Turn recording mode on again.
1678	Could not start the camera preview. Try again.
1679	Recording preparation timed out. Try again.
1680	Recording requires a secure connection. Open an HTTPS address. [SECURE_CONTEXT]
1681	Camera access is unavailable in this environment. Open the same address directly in Safari to check. [CAMERA_API]
1682	This environment does not support video output from the game canvas. [CANVAS_STREAM]
1683	Recording stopped because the camera or microphone disconnected.
1684	Close recording mode
1685	 and the current video will disappear from this screen.\nTo keep it on your device, choose Save Video first.\nFiles already saved on your device will remain.\nContinue?
1686	The camera is not ready. Try again.
1687	Could not create the video composition canvas.
1688	An error occurred during recording. Recording mode has closed.
1689	No video was created. Record again.
1690	Recording stopped because the screen changed or a device disconnected. You can save what was recorded so far.
1691	Video creation timed out. Record again.
1692	Find your video in Photos.
1693	Find your video in Downloads.
1694	Save canceled. Your video is still available.
1695	Could not save. Download from the video menu below or try again.
1696	FRETIVA LAB · Note Shooter
1697	I scored {value1} in Note Shooter! Give it a try.
1698	Note Shooter Results
1699	Best score  {value1}
1700	Play guitar and beat your best score
